<?xml version="1.0" encoding="UTF-8"?>
<metadata xml:lang="en"><Esri><CreaDate>20210219</CreaDate><CreaTime>09065000</CreaTime><ArcGISFormat>1.0</ArcGISFormat><SyncOnce>FALSE</SyncOnce><DataProperties><itemProps><itemName Sync="TRUE">LV16_NVC_200.tif</itemName><itemLocation><linkage Sync="TRUE">file://X:\Landfire\Distribution\Landfire_Processing_JH_RT\Mosaic_Products\Release_20210226\IA_200\LF2016_PRVI_200_IA\LF2016_NVC_200_PRVI\Tif\LV16_NVC_200.tif</linkage><protocol Sync="TRUE">Local Area Network</protocol></itemLocation><imsContentType Sync="TRUE">002</imsContentType><nativeExtBox><westBL Sync="TRUE">3026925.000000</westBL><eastBL Sync="TRUE">3412305.000000</eastBL><southBL Sync="TRUE">-119955.000000</southBL><northBL Sync="TRUE">83085.000000</northBL><exTypeCode Sync="TRUE">1</exTypeCode></nativeExtBox></itemProps><coordRef><type Sync="TRUE">Projected</type><geogcsn Sync="TRUE">GCS_North_American_1983</geogcsn><csUnits Sync="TRUE">Linear Unit: Meter (1.000000)</csUnits><projcsn Sync="TRUE">NAD_1983_Albers</projcsn><peXml Sync="TRUE">&lt;ProjectedCoordinateSystem xsi:type='typens:ProjectedCoordinateSystem' xmlns:xsi='http://www.w3.org/2001/XMLSchema-instance' xmlns:xs='http://www.w3.org/2001/XMLSchema' xmlns:typens='http://www.esri.com/schemas/ArcGIS/10.7'&gt;&lt;WKT&gt;PROJCS[&amp;quot;NAD_1983_Albers&amp;quot;,GEOGCS[&amp;quot;GCS_North_American_1983&amp;quot;,DATUM[&amp;quot;D_North_American_1983&amp;quot;,SPHEROID[&amp;quot;GRS_1980&amp;quot;,6378137.0,298.257222101]],PRIMEM[&amp;quot;Greenwich&amp;quot;,0.0],UNIT[&amp;quot;Degree&amp;quot;,0.0174532925199433]],PROJECTION[&amp;quot;Albers&amp;quot;],PARAMETER[&amp;quot;False_Easting&amp;quot;,0.0],PARAMETER[&amp;quot;False_Northing&amp;quot;,0.0],PARAMETER[&amp;quot;central_meridian&amp;quot;,-96.0],PARAMETER[&amp;quot;Standard_Parallel_1&amp;quot;,29.5],PARAMETER[&amp;quot;Standard_Parallel_2&amp;quot;,45.5],PARAMETER[&amp;quot;latitude_of_origin&amp;quot;,23.0],UNIT[&amp;quot;Meter&amp;quot;,1.0]]&lt;/WKT&gt;&lt;XOrigin&gt;-16901100&lt;/XOrigin&gt;&lt;YOrigin&gt;-6972200&lt;/YOrigin&gt;&lt;XYScale&gt;266467840.99085236&lt;/XYScale&gt;&lt;ZOrigin&gt;-100000&lt;/ZOrigin&gt;&lt;ZScale&gt;10000&lt;/ZScale&gt;&lt;MOrigin&gt;-100000&lt;/MOrigin&gt;&lt;MScale&gt;10000&lt;/MScale&gt;&lt;XYTolerance&gt;0.001&lt;/XYTolerance&gt;&lt;ZTolerance&gt;0.001&lt;/ZTolerance&gt;&lt;MTolerance&gt;0.001&lt;/MTolerance&gt;&lt;HighPrecision&gt;true&lt;/HighPrecision&gt;&lt;/ProjectedCoordinateSystem&gt;</peXml></coordRef><RasterProperties><General><PixelDepth Sync="TRUE">16</PixelDepth><HasColormap Sync="TRUE">FALSE</HasColormap><CompressionType Sync="TRUE">LZW</CompressionType><NumBands Sync="TRUE">1</NumBands><Format Sync="TRUE">TIFF</Format><HasPyramids Sync="TRUE">TRUE</HasPyramids><SourceType Sync="TRUE">continuous</SourceType><PixelType Sync="TRUE">signed integer</PixelType><NoDataValue Sync="TRUE">32767</NoDataValue></General></RasterProperties><lineage><Process ToolSource="c:\arcgis\desktop10.7\ArcToolbox\Toolboxes\Data Management Tools.tbx\MosaicToNewRaster" Date="20210219" Time="090650">MosaicToNewRaster X:\Landfire\Distribution\Landfire_Processing_JH_RT\Mosaic_Products\Test\Input\output_iaz90\z90_nvc16.tif;X:\Landfire\RSLC\MasterScripts\ProductProcessing\NoDataMask\z90_mask.tif X:\Landfire\Distribution\Landfire_Processing_JH_RT\Mosaic_Products\Release_20210226\IA_200\LF2016_PRVI_200_IA\LF2016_NVC_200_PRVI\Tif LV16_NVC_200.tif PROJCS['NAD_1983_Contiguous_USA_Albers',GEOGCS['GCS_North_American_1983',DATUM['D_North_American_1983',SPHEROID['GRS_1980',6378137.0,298.257222101]],PRIMEM['Greenwich',0.0],UNIT['Degree',0.0174532925199433]],PROJECTION['Albers'],PARAMETER['False_Easting',0.0],PARAMETER['False_Northing',0.0],PARAMETER['Central_Meridian',-96.0],PARAMETER['Standard_Parallel_1',29.5],PARAMETER['Standard_Parallel_2',45.5],PARAMETER['Latitude_Of_Origin',23.0],UNIT['Meter',1.0]] 16_BIT_SIGNED # 1 MAXIMUM FIRST</Process><Process ToolSource="c:\arcgis\desktop10.7\ArcToolbox\Toolboxes\Data Management Tools.tbx\BuildRasterAttributeTable" Date="20210219" Time="090652">BuildRasterAttributeTable X:\Landfire\Distribution\Landfire_Processing_JH_RT\Mosaic_Products\Release_20210226\IA_200\LF2016_PRVI_200_IA\LF2016_NVC_200_PRVI\Tif\LV16_NVC_200.tif Overwrite</Process><Process ToolSource="c:\arcgis\desktop10.7\ArcToolbox\Toolboxes\Data Management Tools.tbx\JoinField" Date="20210219" Time="090656">JoinField X:\Landfire\Distribution\Landfire_Processing_JH_RT\Mosaic_Products\Release_20210226\IA_200\LF2016_PRVI_200_IA\LF2016_NVC_200_PRVI\Tif\LV16_NVC_200.tif Value X:\Landfire\LF_Master\Remap\national\attribute_tables\dbf\_old\LF16_NVC_200_20201223.dbf VALUE NVC_NAME;LFRDB;LFLIFEFORM;NVC_CLASS;NVC_SUBCLA;NVC_FORMAT;NVC_DIVISI;CLASS;SUBCLASS;FORMATION;DIVISION_C;DIVISION;MACROGROUP;MACROGRO_1;GROUP_CODE;GROUP;R;G;B;RED;GREEN;BLUE</Process><Process ToolSource="c:\arcgis\desktop10.7\ArcToolbox\Toolboxes\Data Management Tools.tbx\AddField" Date="20210219" Time="090657">AddField X:\Landfire\Distribution\Landfire_Processing_JH_RT\Mosaic_Products\Release_20210226\IA_200\LF2016_PRVI_200_IA\LF2016_NVC_200_PRVI\Tif\LV16_NVC_200.tif R_1 SHORT # # # # NULLABLE NON_REQUIRED #</Process><Process ToolSource="c:\arcgis\desktop10.7\ArcToolbox\Toolboxes\Data Management Tools.tbx\CalculateField" Date="20210219" Time="090657">CalculateField X:\Landfire\Distribution\Landfire_Processing_JH_RT\Mosaic_Products\Release_20210226\IA_200\LF2016_PRVI_200_IA\LF2016_NVC_200_PRVI\Tif\LV16_NVC_200.tif R_1 [R] VB #</Process><Process ToolSource="c:\arcgis\desktop10.7\ArcToolbox\Toolboxes\Data Management Tools.tbx\AddField" Date="20210219" Time="090657">AddField X:\Landfire\Distribution\Landfire_Processing_JH_RT\Mosaic_Products\Release_20210226\IA_200\LF2016_PRVI_200_IA\LF2016_NVC_200_PRVI\Tif\LV16_NVC_200.tif G_1 SHORT # # # # NULLABLE NON_REQUIRED #</Process><Process ToolSource="c:\arcgis\desktop10.7\ArcToolbox\Toolboxes\Data Management Tools.tbx\CalculateField" Date="20210219" Time="090658">CalculateField X:\Landfire\Distribution\Landfire_Processing_JH_RT\Mosaic_Products\Release_20210226\IA_200\LF2016_PRVI_200_IA\LF2016_NVC_200_PRVI\Tif\LV16_NVC_200.tif G_1 [G] VB #</Process><Process ToolSource="c:\arcgis\desktop10.7\ArcToolbox\Toolboxes\Data Management Tools.tbx\AddField" Date="20210219" Time="090658">AddField X:\Landfire\Distribution\Landfire_Processing_JH_RT\Mosaic_Products\Release_20210226\IA_200\LF2016_PRVI_200_IA\LF2016_NVC_200_PRVI\Tif\LV16_NVC_200.tif B_1 SHORT # # # # NULLABLE NON_REQUIRED #</Process><Process ToolSource="c:\arcgis\desktop10.7\ArcToolbox\Toolboxes\Data Management Tools.tbx\CalculateField" Date="20210219" Time="090658">CalculateField X:\Landfire\Distribution\Landfire_Processing_JH_RT\Mosaic_Products\Release_20210226\IA_200\LF2016_PRVI_200_IA\LF2016_NVC_200_PRVI\Tif\LV16_NVC_200.tif B_1 [B] VB #</Process><Process ToolSource="c:\arcgis\desktop10.7\ArcToolbox\Toolboxes\Data Management Tools.tbx\DeleteField" Date="20210219" Time="090659">DeleteField X:\Landfire\Distribution\Landfire_Processing_JH_RT\Mosaic_Products\Release_20210226\IA_200\LF2016_PRVI_200_IA\LF2016_NVC_200_PRVI\Tif\LV16_NVC_200.tif R;G;B;RED;GREEN;BLUE</Process><Process ToolSource="c:\arcgis\desktop10.7\ArcToolbox\Toolboxes\Data Management Tools.tbx\AddField" Date="20210219" Time="090659">AddField X:\Landfire\Distribution\Landfire_Processing_JH_RT\Mosaic_Products\Release_20210226\IA_200\LF2016_PRVI_200_IA\LF2016_NVC_200_PRVI\Tif\LV16_NVC_200.tif R SHORT # # # # NULLABLE NON_REQUIRED #</Process><Process ToolSource="c:\arcgis\desktop10.7\ArcToolbox\Toolboxes\Data Management Tools.tbx\CalculateField" Date="20210219" Time="090700">CalculateField X:\Landfire\Distribution\Landfire_Processing_JH_RT\Mosaic_Products\Release_20210226\IA_200\LF2016_PRVI_200_IA\LF2016_NVC_200_PRVI\Tif\LV16_NVC_200.tif R [R_1] VB #</Process><Process ToolSource="c:\arcgis\desktop10.7\ArcToolbox\Toolboxes\Data Management Tools.tbx\AddField" Date="20210219" Time="090700">AddField X:\Landfire\Distribution\Landfire_Processing_JH_RT\Mosaic_Products\Release_20210226\IA_200\LF2016_PRVI_200_IA\LF2016_NVC_200_PRVI\Tif\LV16_NVC_200.tif G SHORT # # # # NULLABLE NON_REQUIRED #</Process><Process ToolSource="c:\arcgis\desktop10.7\ArcToolbox\Toolboxes\Data Management Tools.tbx\CalculateField" Date="20210219" Time="090700">CalculateField X:\Landfire\Distribution\Landfire_Processing_JH_RT\Mosaic_Products\Release_20210226\IA_200\LF2016_PRVI_200_IA\LF2016_NVC_200_PRVI\Tif\LV16_NVC_200.tif G [G_1] VB #</Process><Process ToolSource="c:\arcgis\desktop10.7\ArcToolbox\Toolboxes\Data Management Tools.tbx\AddField" Date="20210219" Time="090701">AddField X:\Landfire\Distribution\Landfire_Processing_JH_RT\Mosaic_Products\Release_20210226\IA_200\LF2016_PRVI_200_IA\LF2016_NVC_200_PRVI\Tif\LV16_NVC_200.tif B SHORT # # # # NULLABLE NON_REQUIRED #</Process><Process ToolSource="c:\arcgis\desktop10.7\ArcToolbox\Toolboxes\Data Management Tools.tbx\CalculateField" Date="20210219" Time="090701">CalculateField X:\Landfire\Distribution\Landfire_Processing_JH_RT\Mosaic_Products\Release_20210226\IA_200\LF2016_PRVI_200_IA\LF2016_NVC_200_PRVI\Tif\LV16_NVC_200.tif B [B_1] VB #</Process><Process ToolSource="c:\arcgis\desktop10.7\ArcToolbox\Toolboxes\Data Management Tools.tbx\DeleteField" Date="20210219" Time="090701">DeleteField X:\Landfire\Distribution\Landfire_Processing_JH_RT\Mosaic_Products\Release_20210226\IA_200\LF2016_PRVI_200_IA\LF2016_NVC_200_PRVI\Tif\LV16_NVC_200.tif R_1;G_1;B_1</Process><Process ToolSource="c:\arcgis\desktop10.7\ArcToolbox\Toolboxes\Data Management Tools.tbx\AddField" Date="20210219" Time="090702">AddField X:\Landfire\Distribution\Landfire_Processing_JH_RT\Mosaic_Products\Release_20210226\IA_200\LF2016_PRVI_200_IA\LF2016_NVC_200_PRVI\Tif\LV16_NVC_200.tif RED DOUBLE # # # # NULLABLE NON_REQUIRED #</Process><Process ToolSource="c:\arcgis\desktop10.7\ArcToolbox\Toolboxes\Data Management Tools.tbx\CalculateField" Date="20210219" Time="090702">CalculateField X:\Landfire\Distribution\Landfire_Processing_JH_RT\Mosaic_Products\Release_20210226\IA_200\LF2016_PRVI_200_IA\LF2016_NVC_200_PRVI\Tif\LV16_NVC_200.tif RED [R]/255 VB #</Process><Process ToolSource="c:\arcgis\desktop10.7\ArcToolbox\Toolboxes\Data Management Tools.tbx\AddField" Date="20210219" Time="090702">AddField X:\Landfire\Distribution\Landfire_Processing_JH_RT\Mosaic_Products\Release_20210226\IA_200\LF2016_PRVI_200_IA\LF2016_NVC_200_PRVI\Tif\LV16_NVC_200.tif GREEN DOUBLE # # # # NULLABLE NON_REQUIRED #</Process><Process ToolSource="c:\arcgis\desktop10.7\ArcToolbox\Toolboxes\Data Management Tools.tbx\CalculateField" Date="20210219" Time="090703">CalculateField X:\Landfire\Distribution\Landfire_Processing_JH_RT\Mosaic_Products\Release_20210226\IA_200\LF2016_PRVI_200_IA\LF2016_NVC_200_PRVI\Tif\LV16_NVC_200.tif GREEN [G]/255 VB #</Process><Process ToolSource="c:\arcgis\desktop10.7\ArcToolbox\Toolboxes\Data Management Tools.tbx\AddField" Date="20210219" Time="090703">AddField X:\Landfire\Distribution\Landfire_Processing_JH_RT\Mosaic_Products\Release_20210226\IA_200\LF2016_PRVI_200_IA\LF2016_NVC_200_PRVI\Tif\LV16_NVC_200.tif BLUE DOUBLE # # # # NULLABLE NON_REQUIRED #</Process><Process ToolSource="c:\arcgis\desktop10.7\ArcToolbox\Toolboxes\Data Management Tools.tbx\CalculateField" Date="20210219" Time="090703">CalculateField X:\Landfire\Distribution\Landfire_Processing_JH_RT\Mosaic_Products\Release_20210226\IA_200\LF2016_PRVI_200_IA\LF2016_NVC_200_PRVI\Tif\LV16_NVC_200.tif BLUE [B]/255 VB #</Process></lineage></DataProperties><SyncDate>20210219</SyncDate><SyncTime>09065000</SyncTime><ModDate>20210219</ModDate><ModTime>09065000</ModTime></Esri><dataIdInfo><envirDesc Sync="TRUE"> Version 6.2 (Build 9200) ; Esri ArcGIS 10.7.1.11595</envirDesc><dataLang><languageCode value="eng" Sync="TRUE"></languageCode><countryCode value="USA" Sync="TRUE"></countryCode></dataLang><idCitation><resTitle Sync="TRUE">LV16_NVC_200.tif</resTitle><presForm><PresFormCd value="005" Sync="TRUE"></PresFormCd></presForm></idCitation><spatRpType><SpatRepTypCd value="002" Sync="TRUE"></SpatRepTypCd></spatRpType><dataExt><geoEle><GeoBndBox esriExtentType="search"><exTypeCode Sync="TRUE">1</exTypeCode><westBL Sync="TRUE">-68.195616</westBL><eastBL Sync="TRUE">-64.295174</eastBL><northBL Sync="TRUE">19.556437</northBL><southBL Sync="TRUE">16.627644</southBL></GeoBndBox></geoEle></dataExt></dataIdInfo><mdLang><languageCode value="eng" Sync="TRUE"></languageCode><countryCode value="USA" Sync="TRUE"></countryCode></mdLang><mdChar><CharSetCd value="004" Sync="TRUE"></CharSetCd></mdChar><distInfo><distFormat><formatName Sync="TRUE">Raster Dataset</formatName></distFormat></distInfo><mdHrLv><ScopeCd value="005" Sync="TRUE"></ScopeCd></mdHrLv><mdHrLvName Sync="TRUE">dataset</mdHrLvName><refSysInfo><RefSystem><refSysID><identCode code="0" Sync="TRUE"></identCode></refSysID></RefSystem></refSysInfo><spatRepInfo><Georect><cellGeo><CellGeoCd Sync="TRUE" value="002"></CellGeoCd></cellGeo><numDims Sync="TRUE">2</numDims><tranParaAv Sync="TRUE">1</tranParaAv><chkPtAv Sync="TRUE">0</chkPtAv><cornerPts><pos Sync="TRUE">3026925.000000 -119955.000000</pos></cornerPts><cornerPts><pos Sync="TRUE">3026925.000000 83085.000000</pos></cornerPts><cornerPts><pos Sync="TRUE">3412305.000000 83085.000000</pos></cornerPts><cornerPts><pos Sync="TRUE">3412305.000000 -119955.000000</pos></cornerPts><centerPt><pos Sync="TRUE">3219615.000000 -18435.000000</pos></centerPt><axisDimension type="002"><dimSize Sync="TRUE">12846</dimSize><dimResol><value Sync="TRUE" uom="m">30.000000</value></dimResol></axisDimension><axisDimension type="001"><dimSize Sync="TRUE">6768</dimSize><dimResol><value Sync="TRUE" uom="m">30.000000</value></dimResol></axisDimension><ptInPixel><PixOrientCd Sync="TRUE" value="001"></PixOrientCd></ptInPixel></Georect></spatRepInfo><contInfo><ImgDesc><contentTyp><ContentTypCd Sync="TRUE" value="001"></ContentTypCd></contentTyp><covDim><Band><dimDescrp Sync="TRUE">Band_1</dimDescrp><maxVal Sync="TRUE">9803.000000</maxVal><minVal Sync="TRUE">-9999.000000</minVal><bitsPerVal Sync="TRUE">16</bitsPerVal><valUnit><UOM type="length"></UOM></valUnit></Band></covDim></ImgDesc></contInfo><mdDateSt Sync="TRUE">20210219</mdDateSt></metadata>
