"farm","radius","coffee","developed","forest","past/grass","shrub","water"
"ADJU7","100",0.486521929502487,0.102496244013309,0.179366543889046,0,0,0.231615334749222
"ADJU8","100",0.549546957015991,0.00784141104668379,0.252238899469376,0.190372750163078,0,0
"ADJUCP","100",0,0.0295208655297756,0.970479130744934,0,0,0
"JAYU2","100",0.419041633605957,0.170299232006073,0.388803482055664,0.0218556877225637,0,0
"JAYU3","100",0.360761612653732,0.387197613716125,0.0461172722280025,0.173169672489166,0.0327538549900055,0
"JUAN1","100",0,0,1,0,0,0
"JUAN7*","100",0,0.27423021197319,0.725769817829132,0,0,0
"LASM1*","100",0.587496876716614,0.000239493703702465,0.412263631820679,0,0,0
"LASM2","100",0.177642986178398,0.084608867764473,0.64046972990036,0.0972784832119942,0,0
"LASM3","100",0,0.118578098714352,0.43750536441803,0.443916589021683,0,0
"MARI2*","100",0.816845536231995,0,0.182793587446213,0.00036087995977141,0,0
"MARI3*","100",0.873882412910461,0,0.1261176019907,0,0,0
"MARI8*","100",1,0,0,0,0,0
"OROC1","100",0,0.0223377160727978,0.918500781059265,0.0591614842414856,0,0
"PONC1*","100",0.243345364928246,0.008282913826406,0.748371779918671,0,0,0
"UTUA10","100",0,0.166667893528938,0.739668130874634,0.0936640128493309,0,0
"UTUA13","100",0.988851964473724,0,0.0111480979248881,0,0,0
"UTUA16*","100",0,0.109534233808517,0.817548274993896,0.0557220801711082,0.0171953979879618,0
"UTUA17*","100",0.0594509430229664,0.506278395652771,0.158843785524368,0.275426894426346,0,0
"UTUA18","100",0,0.104923710227013,0.792351305484772,0.102725028991699,0,0
"UTUA2","100",0.459047913551331,0.139162689447403,0.243998900055885,0.129129514098167,0.0286609847098589,0
"UTUA20*","100",0,0.0658803284168243,0.934119641780853,0,0,0
"UTUA30*","100",0,0.208326548337936,0.64836859703064,0.114643938839436,0.0286609847098589,0
"UTUA5","100",0.360089808702469,0,0.439656019210815,0.200254186987877,0,0
"YAUC3","100",0.0573219694197178,0,0.942678034305573,0,0,0
"YAUC4*","100",0,0.000373152579413727,0.999626874923706,0,0,0
"YAUC5*","100",0,0.115106552839279,0.884893476963043,0,0,0
"ADJU7","200",0.238831281661987,0.147582814097404,0.174290537834167,0.0363020151853561,0,0.402993381023407
"ADJU8","200",0.451111972332001,0.0290411431342363,0.442645817995071,0.0772011131048203,0,0
"ADJUCP","200",0.0127691524103284,0.0927985161542892,0.894432365894318,0,0,0
"JAYU2","200",0.264946639537811,0.231100559234619,0.327860832214355,0.132421582937241,0.0436704084277153,0
"JAYU3","200",0.29134601354599,0.323489397764206,0.183577015995979,0.174793437123299,0.0267941728234291,0
"JUAN1","200",0.00304374075494707,0.0361343808472157,0.96082192659378,0,0,0
"JUAN7*","200",0,0.255107462406158,0.743562161922455,0.0013304112944752,0,0
"LASM1*","200",0.22998782992363,0.0381268821656704,0.685133934020996,0.0467514358460903,0,0
"LASM2","200",0.0644872188568115,0.163224563002586,0.636193335056305,0.13609491288662,0,0
"LASM3","200",0.0287820510566235,0.0907281339168549,0.633327901363373,0.232831448316574,0.0143304923549294,0
"MARI2*","200",0.630739033222198,0,0.362095773220062,0.00716524617746472,0,0
"MARI3*","200",0.675931215286255,0.0367183424532413,0.287350505590439,0,0,0
"MARI8*","200",0.924210071563721,0.0662953183054924,0,0.00949467997997999,0,0
"OROC1","200",0.0245957896113396,0.0785860866308212,0.762345314025879,0.132113948464394,0.00235890853218734,0
"PONC1*","200",0.108173184096813,0.0571422167122364,0.826100528240204,0.00858410634100437,0,0
"UTUA10","200",0,0.0833381414413452,0.823681354522705,0.0929630622267723,1.74363685800927e-05,0
"UTUA13","200",0.751446664333344,0.0375365354120731,0.203851565718651,0.00716524617746472,0,0
"UTUA16*","200",0,0.173357099294662,0.687951505184174,0.117195673286915,0.0214957389980555,0
"UTUA17*","200",0.133839800953865,0.369516104459763,0.377908229827881,0.118735887110233,0,0
"UTUA18","200",0,0.214807331562042,0.685175657272339,0.1000170186162,0,0
"UTUA2","200",0.178469151258469,0.195155456662178,0.523843944072723,0.0715349093079567,0.0309965759515762,0
"UTUA20*","200",0,0.0715935379266739,0.928406476974487,0,0,0
"UTUA30*","200",0,0.0983177125453949,0.815699338912964,0.0788177102804184,0.00716524617746472,0
"UTUA5","200",0.156065210700035,0.0275558903813362,0.599114418029785,0.202934056520462,0.0143304923549294,0
"YAUC3","200",0.0143353510648012,0.00983844883739948,0.94003689289093,0.0320702604949474,0.00371906370855868,0
"YAUC4*","200",0.034117728471756,0.0478200502693653,0.918062269687653,0,0,0
"YAUC5*","200",0,0.086897611618042,0.891896605491638,0.0212058648467064,0,0
"ADJU7","300",0.26511612534523,0.165799126029015,0.119007639586926,0.022866303101182,0,0.427210777997971
"ADJU8","300",0.432178854942322,0.0241419542580843,0.464248359203339,0.0794307962059975,0,0
"ADJUCP","300",0.0511981770396233,0.112606339156628,0.820051908493042,0.00977441947907209,0.00636910740286112,0
"JAYU2","300",0.183810025453568,0.195124536752701,0.46171972155571,0.133436918258667,0.0259087923914194,0
"JAYU3","300",0.284509271383286,0.31735497713089,0.225681483745575,0.143793240189552,0.0286609828472137,0
"JUAN1","300",0.0419680736958981,0.0353194512426853,0.920186340808868,0.00252610654570162,0,0
"JUAN7*","300",0,0.255414485931396,0.721598207950592,0.0229872670024633,0,0
"LASM1*","300",0.165375486016273,0.0692037642002106,0.719680964946747,0.0446215979754925,0.00111815589480102,0
"LASM2","300",0.0399945788085461,0.111786797642708,0.676125049591064,0.17209355533123,0,0
"LASM3","300",0.0308701861649752,0.0855431780219078,0.767824292182922,0.109393201768398,0.00636910740286112,0
"MARI2*","300",0.585041522979736,0.008843376301229,0.394227772951126,0.0118872849270701,0,0
"MARI3*","300",0.565516710281372,0.082183413207531,0.33352193236351,0.00989407673478127,0.0088838180527091,0
"MARI8*","300",0.856893062591553,0.0872403159737587,0.0370247811079025,0.0188418291509151,0,0
"OROC1","300",0.0352278724312782,0.0996128246188164,0.720946073532104,0.141028687357903,0.00318455370143056,0
"PONC1*","300",0.071243092417717,0.0508131459355354,0.845947325229645,0.0319964215159416,0,0
"UTUA10","300",0,0.0748462527990341,0.851940393447876,0.0624664537608624,0.0107468198984861,0
"UTUA13","300",0.578916072845459,0.0715180188417435,0.343196779489517,0.00636910740286112,0,0
"UTUA16*","300",0,0.203147679567337,0.696961164474487,0.0871529281139374,0.0127382148057222,0
"UTUA17*","300",0.176007822155952,0.238466143608093,0.48466283082962,0.10086315125227,0,0
"UTUA18","300",0,0.153565257787704,0.748970448970795,0.0974642485380173,0,0
"UTUA2","300",0.0889248996973038,0.231162458658218,0.527438700199127,0.133366599678993,0.0191073212772608,0
"UTUA20*","300",0,0.0350373759865761,0.953043103218079,0.0119194714352489,0,0
"UTUA30*","300",0,0.0625020861625671,0.895704627037048,0.0355966798961163,0.00619656685739756,0
"UTUA5","300",0.147339195013046,0.031845536082983,0.687122583389282,0.127292901277542,0.00639972509816289,0
"YAUC3","300",0.045459508895874,0.063806839287281,0.814342081546783,0.0636533349752426,0.0127382148057222,0
"YAUC4*","300",0.120508067309856,0.0368362963199615,0.842655539512634,0,0,0
"YAUC5*","300",0,0.0764659345149994,0.904426753520966,0.0191073212772608,0,0
"ADJU7","400",0.276678055524826,0.107142932713032,0.144965708255768,0.0179131161421537,0.000664011749904603,0.452636212110519
"ADJU8","400",0.407158970832825,0.0392509400844574,0.468850255012512,0.0808944702148438,0.00384541950188577,0
"ADJUCP","400",0.0380164980888367,0.151141673326492,0.776211380958557,0.0292565729469061,0.00537393474951386,0
"JAYU2","400",0.155434936285019,0.196513682603836,0.488895773887634,0.132062166929245,0.0270934998989105,0
"JAYU3","400",0.330484986305237,0.311467528343201,0.192914307117462,0.145031824707985,0.0201014187186956,0
"JUAN1","400",0.123821280896664,0.0270413141697645,0.830613613128662,0.0167325623333454,0.00179131154436618,0
"JUAN7*","400",0,0.185711026191711,0.794353127479553,0.019935866817832,0,0
"LASM1*","400",0.132964372634888,0.0706739574670792,0.755564391613007,0.035423319786787,0.00537393474951386,0
"LASM2","400",0.0422211736440659,0.10318174213171,0.719792008399963,0.134805098176003,0,0
"LASM3","400",0.0318821966648102,0.0838805660605431,0.812584817409515,0.0680698379874229,0.00358262308873236,0
"MARI2*","400",0.494613707065582,0.0186870973557234,0.463093876838684,0.0182313993573189,0.00537393474951386,0
"MARI3*","400",0.45454615354538,0.104504533112049,0.380448937416077,0.0551264882087708,0.00537393474951386,0
"MARI8*","400",0.795307040214539,0.0958416387438774,0.0862477347254753,0.0226036515086889,0,0
"OROC1","400",0.0373874306678772,0.0785655006766319,0.710197448730469,0.172058343887329,0.00179131154436618,0
"PONC1*","400",0.0483654104173183,0.0374106541275978,0.88735431432724,0.026869673281908,0,0
"UTUA10","400",0.006223916541785,0.0552265793085098,0.870641350746155,0.0566088892519474,0.0112992944195867,0
"UTUA13","400",0.435712814331055,0.0686002150177956,0.488900303840637,0.00537393474951386,0.00141278107184917,0
"UTUA16*","400",0,0.157736271619797,0.76838892698288,0.0667096301913261,0.00716524617746472,0
"UTUA17*","400",0.126372963190079,0.167369186878204,0.607767343521118,0.0966992452740669,0.00179131154436618,0
"UTUA18","400",0.00636158650740981,0.149489536881447,0.762422919273376,0.0797498151659966,0.00197614962235093,0
"UTUA2","400",0.0794653967022896,0.207957744598389,0.583602964878082,0.11822609603405,0.0107478694990277,0
"UTUA20*","400",0.0269012060016394,0.0407216213643551,0.903384268283844,0.0254103541374207,0.00358262308873236,0
"UTUA30*","400",0,0.0504397042095661,0.887437462806702,0.05321179702878,0.00891101453453302,0
"UTUA5","400",0.160410210490227,0.0179636497050524,0.737328171730042,0.0789240449666977,0.00537393474951386,0
"YAUC3","400",0.118704743683338,0.0595002509653568,0.778743147850037,0.0358865968883038,0.00716524617746472,0
"YAUC4*","400",0.170680984854698,0.031367301940918,0.796160399913788,0.00179131154436618,0,0
"YAUC5*","400",0.00194968399591744,0.056238166987896,0.931064367294312,0.0107478694990277,0,0
"ADJU7","500",0.252137631177902,0.0828118324279785,0.184862330555916,0.0280180033296347,0.00229287869296968,0.449877321720123
"ADJU8","500",0.367968827486038,0.041219424456358,0.502576410770416,0.0813567042350769,0.00687863631173968,0
"ADJUCP","500",0.0252216663211584,0.162421017885208,0.761560142040253,0.0473578944802284,0.00343931815586984,0
"JAYU2","500",0.142530664801598,0.194038227200508,0.523277938365936,0.120663732290268,0.0194894690066576,0
"JAYU3","500",0.304198890924454,0.284315556287766,0.262656897306442,0.134606748819351,0.0142219448462129,0
"JUAN1","500",0.101805560290813,0.0315401032567024,0.848153412342072,0.0173544883728027,0.00114643934648484,0
"JUAN7*","500",0.000210448779398575,0.134688153862953,0.839168548583984,0.0259328503161669,0,0
"LASM1*","500",0.101514890789986,0.0761131122708321,0.787465989589691,0.0314666926860809,0.00343931815586984,0
"LASM2","500",0.0477477088570595,0.0939350351691246,0.756092429161072,0.102224811911583,0,0
"LASM3","500",0.0461788065731525,0.0861132144927979,0.819557547569275,0.0458575747907162,0.00229287869296968,0
"MARI2*","500",0.413240522146225,0.0359984040260315,0.527870059013367,0.0194517038762569,0.00343931815586984,0
"MARI3*","500",0.36181378364563,0.0996941104531288,0.475924968719482,0.0579813607037067,0.00458575738593936,0
"MARI8*","500",0.732208847999573,0.0902228355407715,0.126384988427162,0.0511833168566227,0,0
"OROC1","500",0.0378303043544292,0.0638690143823624,0.727432310581207,0.162554562091827,0.008313805796206,0
"PONC1*","500",0.0309538636356592,0.0480666793882847,0.895042836666107,0.0259366016834974,0,0
"UTUA10","500",0.0499127842485905,0.0521731674671173,0.822925508022308,0.0634276568889618,0.0115608843043447,0
"UTUA13","500",0.355426013469696,0.0633710399270058,0.560908138751984,0.0157292447984219,0.00456551974639297,0
"UTUA16*","500",0,0.1431764960289,0.798617124557495,0.0536206103861332,0.00458575738593936,0
"UTUA17*","500",0.110898233950138,0.126617327332497,0.68100517988205,0.0803327709436417,0.00114643934648484,0
"UTUA18","500",0.0132814608514309,0.123131237924099,0.761148393154144,0.100146017968655,0.00229287869296968,0
"UTUA2","500",0.0749360248446465,0.159253388643265,0.670656085014343,0.0882758274674416,0.00687863631173968,0
"UTUA20*","500",0.07000782340765,0.0346620343625546,0.846800744533539,0.0428854115307331,0.00564397452399135,0
"UTUA30*","500",0,0.0529177151620388,0.884253859519958,0.0548033379018307,0.00802507530897856,0
"UTUA5","500",0.157863929867744,0.0315626040101051,0.729984045028687,0.0737282484769821,0.00686115492135286,0
"YAUC3","500",0.15522588789463,0.0529669560492039,0.738885819911957,0.0460426807403564,0.00687863631173968,0
"YAUC4*","500",0.201086163520813,0.027108957991004,0.769511997699738,0.00229287869296968,0,0
"YAUC5*","500",0.0327254869043827,0.0468882881104946,0.913507580757141,0.00687863631173968,0,0
"ADJU7","600",0.225059077143669,0.0772684440016747,0.249523252248764,0.0354488156735897,0.0023884151596576,0.410311937332153
"ADJU8","600",0.331235647201538,0.0368367470800877,0.549733281135559,0.0774174556136131,0.0047768303193152,0
"ADJUCP","600",0.0175150446593761,0.175244882702827,0.752504348754883,0.0507550127804279,0.00398069201037288,0
"JAYU2","600",0.139263600111008,0.181299656629562,0.563043892383575,0.102858483791351,0.0135343531146646,0
"JAYU3","600",0.266353040933609,0.255674511194229,0.325578361749649,0.139655843377113,0.0127382148057222,0
"JUAN1","600",0.0791452378034592,0.0377975217998028,0.85793536901474,0.0216440055519342,0.00347787933424115,0
"JUAN7*","600",0.0142198828980327,0.108439736068249,0.853614926338196,0.023725489154458,0,0
"LASM1*","600",0.0908684954047203,0.0669271647930145,0.817102432250977,0.0222918763756752,0.00280997436493635,0
"LASM2","600",0.0613314658403397,0.0842513367533684,0.776171386241913,0.0782457888126373,0,0
"LASM3","600",0.0473624542355537,0.0767113640904427,0.831051588058472,0.0432823114097118,0.00159227685071528,0
"MARI2*","600",0.341007322072983,0.0561181008815765,0.57522863149643,0.0251499116420746,0.00249601854011416,0
"MARI3*","600",0.302740603685379,0.0903714075684547,0.551464855670929,0.051501702517271,0.00392139237374067,0
"MARI8*","600",0.666085541248322,0.083742082118988,0.191635221242905,0.0555021986365318,0.00303491787053645,0
"OROC1","600",0.0279243402183056,0.0538668558001518,0.755893409252167,0.152261734008789,0.0100536439567804,0
"PONC1*","600",0.0214957371354103,0.0563284866511822,0.896840035915375,0.0253357719630003,0,0
"UTUA10","600",0.066431999206543,0.0426457785069942,0.82805734872818,0.0524830110371113,0.010381892323494,0
"UTUA13","600",0.28697943687439,0.0630381554365158,0.624573409557343,0.0214282814413309,0.00398069201037288,0
"UTUA16*","600",0,0.122881516814232,0.821942567825317,0.0519913285970688,0.00318455370143056,0
"UTUA17*","600",0.0970639437437057,0.108696922659874,0.721519410610199,0.0719235762953758,0.00079613842535764,0
"UTUA18","600",0.0268727503716946,0.128897920250893,0.718510866165161,0.124126151204109,0.00159227685071528,0
"UTUA2","600",0.0644354298710823,0.12019419670105,0.746291041374207,0.0634897798299789,0.00557537516579032,1.41523114507436e-05
"UTUA20*","600",0.0735285133123398,0.0287752244621515,0.82331109046936,0.0704044550657272,0.00398069201037288,0
"UTUA30*","600",0.00496147945523262,0.0417048186063766,0.897262156009674,0.0470207333564758,0.00905079580843449,0
"UTUA5","600",0.15787136554718,0.0472840741276741,0.73240315914154,0.0572530254721642,0.00518831936642528,0
"YAUC3","600",0.182060852646828,0.0531047247350216,0.722959101200104,0.0370984561741352,0.0047768303193152,0
"YAUC4*","600",0.211374163627625,0.0451139435172081,0.740327298641205,0.00318455370143056,0,0
"YAUC5*","600",0.0347570143640041,0.0501545816659927,0.904357731342316,0.0107306037098169,0,0
"ADJU7","700",0.240640968084335,0.0855468660593033,0.275780737400055,0.0546548999845982,0.00521299242973328,0.338163524866104
"ADJU8","700",0.293770521879196,0.0346833989024162,0.603367567062378,0.0640840381383896,0.00409442605450749,0
"ADJUCP","700",0.0128681967034936,0.200030758976936,0.720390141010284,0.0637863427400589,0.00292459013871849,0
"JAYU2","700",0.142654255032539,0.16020193696022,0.582325518131256,0.104874685406685,0.00994360633194447,0
"JAYU3","700",0.228042036294937,0.221772521734238,0.406939625740051,0.131193295121193,0.0120525406673551,0
"JUAN1","700",0.0702175498008728,0.0405339561402798,0.860854744911194,0.023129453882575,0.00526426220312715,0
"JUAN7*","700",0.0105285244062543,0.0904743149876595,0.872789621353149,0.0262075178325176,0,0
"LASM1*","700",0.0919722989201546,0.0650389194488525,0.824007630348206,0.0166414491832256,0.00233967206440866,0
"LASM2","700",0.0462878830730915,0.0749152675271034,0.809258818626404,0.0695380195975304,0,0
"LASM3","700",0.0476528629660606,0.0715226978063583,0.823557376861572,0.0560972392559052,0.00116983603220433,0
"MARI2*","700",0.273303031921387,0.0575841479003429,0.636306643486023,0.0287117194384336,0.00409442605450749,0
"MARI3*","700",0.256444871425629,0.0831589922308922,0.608409821987152,0.0483058579266071,0.00368049531243742,0
"MARI8*","700",0.604740560054779,0.0889348238706589,0.245166912674904,0.0558934397995472,0.00526426220312715,0
"OROC1","700",0.0268771164119244,0.0519646592438221,0.783208012580872,0.129761323332787,0.00818885210901499,0
"PONC1*","700",0.0157927870750427,0.0632544234395027,0.894027531147003,0.026925303041935,0,0
"UTUA10","700",0.0602744892239571,0.0467792488634586,0.83290022611618,0.0511109717190266,0.0089350575581193,0
"UTUA13","700",0.234871119260788,0.0672575309872627,0.6596360206604,0.0314662456512451,0.00676903408020735,0
"UTUA16*","700",0,0.107599869370461,0.819644629955292,0.0704158544540405,0.00233967206440866,0
"UTUA17*","700",0.0812939256429672,0.0985878854990005,0.750677943229675,0.0682803019881248,0.00115992268547416,0
"UTUA18","700",0.027208998799324,0.134223967790604,0.724880218505859,0.1119474619627,0.00173930998425931,0
"UTUA2","700",0.057042833417654,0.0918722972273827,0.781309068202972,0.0561388619244099,0.00584918027743697,0.00778778083622456
"UTUA20*","700",0.0585024692118168,0.0373555868864059,0.811870813369751,0.0885250344872475,0.00374613492749631,0
"UTUA30*","700",0.0132388053461909,0.0367233790457249,0.896603941917419,0.0464148595929146,0.00701901642605662,0
"UTUA5","700",0.138794660568237,0.0704426690936089,0.719631314277649,0.0629424974322319,0.00818885210901499,0
"YAUC3","700",0.201716110110283,0.052213042974472,0.708577215671539,0.0322293750941753,0.00526426220312715,0
"YAUC4*","700",0.210600823163986,0.0664903074502945,0.719399333000183,0.00350950821302831,0,0
"YAUC5*","700",0.034598883241415,0.0489729419350624,0.902659714221954,0.013768489472568,0,0
"ADJU7","800",0.265289485454559,0.0828702822327614,0.31358402967453,0.0471350848674774,0.00447827903553843,0.286642879247665
"ADJU8","800",0.248560801148415,0.0380198359489441,0.644765913486481,0.064623087644577,0.00403038458898664,0
"ADJUCP","800",0.0098522137850523,0.199791312217712,0.720910251140594,0.0667593106627464,0.00268696737475693,0
"JAYU2","800",0.14087949693203,0.155973270535469,0.592163443565369,0.103370748460293,0.00761307403445244,0
"JAYU3","800",0.192806586623192,0.20142075419426,0.473810762166977,0.122109688818455,0.0098522137850523,0
"JUAN1","800",0.0761888325214386,0.0431888438761234,0.85281491279602,0.0237769950181246,0.00403045117855072,0
"JUAN7*","800",0.00941177364438772,0.0752869844436646,0.8901686668396,0.0251325704157352,0,0
"LASM1*","800",0.0773602947592735,0.0576460175216198,0.848694145679474,0.0144859915599227,0.00181359727866948,0
"LASM2","800",0.0409924313426018,0.0686636120080948,0.82718813419342,0.0622601993381977,0.00089565577218309,0
"LASM3","800",0.0437251441180706,0.0718766301870346,0.828675627708435,0.054826945066452,0.00089565577218309,0
"MARI2*","800",0.227048322558403,0.0599380768835545,0.678301572799683,0.0311294235289097,0.00358262308873236,0
"MARI3*","800",0.231286644935608,0.0761573612689972,0.644924342632294,0.0440490208566189,0.00358262308873236,0
"MARI8*","800",0.555252492427826,0.0970889702439308,0.292471468448639,0.0511566549539566,0.00403045117855072,0
"OROC1","800",0.0256671104580164,0.0483924522995949,0.809299051761627,0.109111502766609,0.00752987433224916,0
"PONC1*","800",0.0120913526043296,0.0741315633058548,0.877407968044281,0.0354734472930431,0.00089565577218309,0
"UTUA10","800",0.0575739666819572,0.0517440922558308,0.820101499557495,0.0612230710685253,0.00935740862041712,0
"UTUA13","800",0.200372472405434,0.06795334815979,0.685174524784088,0.0397822447121143,0.00671741832047701,0
"UTUA16*","800",0,0.0995507463812828,0.826992511749268,0.0712240412831306,0.00223272247239947,0
"UTUA17*","800",0.0649350434541702,0.0890395566821098,0.78360390663147,0.0615258924663067,0.00089565577218309,0
"UTUA18","800",0.0244666393846273,0.130264759063721,0.738420069217682,0.103713728487492,0.00313479523174465,0
"UTUA2","800",0.0483654104173183,0.0934085920453072,0.78686136007309,0.0534362941980362,0.00537393474951386,0.0125544294714928
"UTUA20*","800",0.0528967492282391,0.038324061781168,0.80525279045105,0.0990481600165367,0.00447827903553843,0
"UTUA30*","800",0.0207916144281626,0.0403051897883415,0.886216104030609,0.0469841063022614,0.00570301013067365,0
"UTUA5","800",0.129376441240311,0.0663273483514786,0.735284507274628,0.0621958635747433,0.00681586004793644,0
"YAUC3","800",0.193131983280182,0.0476306900382042,0.723929405212402,0.0312775000929832,0.00403045117855072,0
"YAUC4*","800",0.215635538101196,0.0801112949848175,0.697999060153961,0.00616158405318856,9.25178101169877e-05,0
"YAUC5*","800",0.0352608188986778,0.0537262111902237,0.897599875926971,0.0129652991890907,0.000447827886091545,0
"ADJU7","900",0.27501055598259,0.0788879320025444,0.34150955080986,0.052830770611763,0.00534757599234581,0.246413603425026
"ADJU8","900",0.20918795466423,0.0395865216851234,0.689325034618378,0.0587159506976604,0.00318455370143056,0
"ADJUCP","900",0.00778446486219764,0.190601125359535,0.731641590595245,0.0671421512961388,0.00283071445301175,0
"JAYU2","900",0.140054151415825,0.142881080508232,0.613496124744415,0.0967012271285057,0.00686744879931211,0
"JAYU3","900",0.162180587649345,0.178157195448875,0.543638348579407,0.107341565191746,0.00868232175707817,0
"JUAN1","900",0.0735193192958832,0.0441231243312359,0.853877782821655,0.02442835457623,0.00405145157128572,0
"JUAN7*","900",0.00964679941534996,0.0655179917812347,0.898318290710449,0.0239324383437634,0.00258450233377516,0
"LASM1*","900",0.0612142011523247,0.0507676489651203,0.863346815109253,0.0176173020154238,0.00705400854349136,0
"LASM2","900",0.0367992892861366,0.0630520209670067,0.844077825546265,0.0553632341325283,0.000707678613252938,0
"LASM3","900",0.0366693399846554,0.0687709376215935,0.84551215171814,0.0483398884534836,0.000707678613252938,0
"MARI2*","900",0.200056940317154,0.0554894767701626,0.705269932746887,0.0363529585301876,0.00283071445301175,0
"MARI3*","900",0.205330640077591,0.0726278275251389,0.679462134838104,0.0393988192081451,0.0031805969774723,0
"MARI8*","900",0.512348771095276,0.0985608324408531,0.325237452983856,0.0593292638659477,0.00452370382845402,0
"OROC1","900",0.02592315338552,0.0556909739971161,0.810620486736298,0.100539594888687,0.00722586829215288,0
"PONC1*","900",0.0102833183482289,0.0758887901902199,0.8795365691185,0.0335095822811127,0.000781737559009343,0
"UTUA10","900",0.0562931634485722,0.0545915178954601,0.825229287147522,0.0561368204653263,0.00774917937815189,0
"UTUA13","900",0.176654502749443,0.0662756860256195,0.706284463405609,0.0454777516424656,0.00530758965760469,0
"UTUA16*","900",0,0.0925479754805565,0.844320118427277,0.0608620420098305,0.00226989458315074,0
"UTUA17*","900",0.0526314862072468,0.0825141295790672,0.805659115314484,0.0584876202046871,0.000707678613252938,0
"UTUA18","900",0.0318376794457436,0.125810831785202,0.745230317115784,0.0942559465765953,0.00286523345857859,0
"UTUA2","900",0.0401143282651901,0.0890574157238007,0.804445564746857,0.0476557686924934,0.00424607191234827,0.014480902813375
"UTUA20*","900",0.0495961494743824,0.0442204512655735,0.804847002029419,0.0973542854189873,0.00398210296407342,0
"UTUA30*","900",0.0298085585236549,0.0430918484926224,0.875535905361176,0.044477317482233,0.00708642834797502,0
"UTUA5","900",0.124153487384319,0.0576961636543274,0.756910681724548,0.0538106262683868,0.00742906471714377,0
"YAUC3","900",0.172523751854897,0.0482241474092007,0.745035290718079,0.0305578447878361,0.00365897244773805,0
"YAUC4*","900",0.203558683395386,0.0858457684516907,0.70316618680954,0.00703880377113819,0.000390597502700984,0
"YAUC5*","900",0.0385021790862083,0.0568515993654728,0.889788448810577,0.0145038878545165,0.000353839306626469,0
"ADJU7","1000",0.255377024412155,0.0729457661509514,0.39524245262146,0.0540125779807568,0.0077384659089148,0.214683711528778
"ADJU8","1000",0.181086018681526,0.0406567640602589,0.723284900188446,0.05119439214468,0.00377788161858916,0
"ADJUCP","1000",0.0063054165802896,0.175310000777245,0.75300258398056,0.0627207159996033,0.00266127847135067,0
"JAYU2","1000",0.127605468034744,0.125752568244934,0.633463442325592,0.106413908302784,0.00676459772512317,0
"JAYU3","1000",0.1384447067976,0.152503028512001,0.606313347816467,0.0949978679418564,0.00774109084159136,0
"JUAN1","1000",0.064973883330822,0.0414522551000118,0.86612343788147,0.0240060240030289,0.00344437826424837,0
"JUAN7*","1000",0.00802507530897856,0.0564300268888474,0.911970973014832,0.0212810803204775,0.00229287869296968,0
"LASM1*","1000",0.0508603975176811,0.0535345748066902,0.869757950305939,0.0184101611375809,0.00743696046993136,0
"LASM2","1000",0.0298074241727591,0.0633571073412895,0.855066359043121,0.0511958412826061,0.00057321967324242,0
"LASM3","1000",0.0298074241727591,0.0674334242939949,0.860627472400665,0.041558425873518,0.00057321967324242,0
"MARI2*","1000",0.182052075862885,0.0546684339642525,0.726445972919464,0.0344741344451904,0.0023594053927809,0
"MARI3*","1000",0.196225866675377,0.0687855109572411,0.692422091960907,0.0394138470292091,0.0031527082901448,0
"MARI8*","1000",0.470378905534744,0.101845167577267,0.353149086236954,0.0684718787670135,0.00615496980026364,0
"OROC1","1000",0.037771925330162,0.0564799457788467,0.807102382183075,0.0913215950131416,0.0073241600766778,0
"PONC1*","1000",0.00978981051594019,0.0689357817173004,0.886461198329926,0.0339533351361752,0.00085982953896746,0
"UTUA10","1000",0.055907666683197,0.0533771552145481,0.830247759819031,0.0531295016407967,0.00733790779486299,0
"UTUA13","1000",0.161362737417221,0.0620571002364159,0.73186856508255,0.0404124297201633,0.00429914752021432,0
"UTUA16*","1000",9.39661404117942e-05,0.0881770551204681,0.854933381080627,0.0542161650955677,0.00257948855869472,0
"UTUA17*","1000",0.0438513047993183,0.074419230222702,0.828548729419708,0.0517595298588276,0.00142120150849223,0
"UTUA18","1000",0.0430961214005947,0.127482727169991,0.733068108558655,0.0934869050979614,0.00286609842441976,0
"UTUA2","1000",0.0332467406988144,0.098926492035389,0.79871255159378,0.0473769828677177,0.00364187126979232,0.018095325678587
"UTUA20*","1000",0.0437845773994923,0.047907866537571,0.797500371932983,0.105293862521648,0.0055133649148047,0
"UTUA30*","1000",0.0322957709431648,0.0536215007305145,0.859105885028839,0.0482862740755081,0.00669057946652174,0
"UTUA5","1000",0.111138246953487,0.0536844953894615,0.779629826545715,0.0485661625862122,0.00698122568428516,0
"YAUC3","1000",0.158907294273376,0.0547535717487335,0.752696692943573,0.0299165043979883,0.00372592802159488,0
"YAUC4*","1000",0.181102856993675,0.0852145701646805,0.721149265766144,0.0119601031765342,0.00057321967324242,0
"YAUC5*","1000",0.0442667230963707,0.0573011301457882,0.88372004032135,0.0144255012273788,0.00028660983662121,0
"ADJU7","1100",0.239031657576561,0.0689245238900185,0.430243909358978,0.0595933608710766,0.00803355034440756,0.194172993302345
"ADJU8","1100",0.157932907342911,0.0389134809374809,0.752305448055267,0.0467201210558414,0.00412803888320923,0
"ADJUCP","1100",0.00521108787506819,0.174867257475853,0.757425367832184,0.0594275705516338,0.0030687041580677,0
"JAYU2","1100",0.109670408070087,0.113575592637062,0.665126085281372,0.104417964816093,0.00720997340977192,0
"JAYU3","1100",0.115354537963867,0.134566634893417,0.652382254600525,0.0904012843966484,0.00729534262791276,0
"JUAN1","1100",0.057360265403986,0.0361586958169937,0.877945065498352,0.0249829646199942,0.00355301448144019,0
"JUAN7*","1100",0.00758609315380454,0.0493866428732872,0.921211063861847,0.0199212934821844,0.00189494108781219,0
"LASM1*","1100",0.046127051115036,0.058174517005682,0.869432210922241,0.0201076753437519,0.00615855865180492,0
"LASM2","1100",0.0246342346072197,0.0614315941929817,0.862804055213928,0.0506563782691956,0.000473735271953046,0
"LASM3","1100",0.0255081281065941,0.0628131404519081,0.876312255859375,0.0348927490413189,0.000473735271953046,0
"MARI2*","1100",0.17238874733448,0.0532025955617428,0.737444460391998,0.034121785312891,0.00284241163171828,0
"MARI3*","1100",0.199478700757027,0.0648789033293724,0.689128577709198,0.0437857396900654,0.00272808503359556,0
"MARI8*","1100",0.441475927829742,0.0983725339174271,0.380366802215576,0.0733893141150475,0.00639542611315846,0
"OROC1","1100",0.0496792457997799,0.0578645244240761,0.797066390514374,0.0886673554778099,0.00672254292294383,0
"PONC1*","1100",0.00961281731724739,0.0642407238483429,0.893820345401764,0.0313786678016186,0.000947470543906093,0
"UTUA10","1100",0.0582178682088852,0.0518574006855488,0.837420701980591,0.046108566224575,0.00639542611315846,0
"UTUA13","1100",0.149798348546028,0.0561032369732857,0.752740681171417,0.0378047302365303,0.00355301448144019,0
"UTUA16*","1100",0.00673059793189168,0.0856359750032425,0.854040622711182,0.050696112215519,0.00289673754014075,0
"UTUA17*","1100",0.0362407490611076,0.0676432698965073,0.842854619026184,0.0516033060848713,0.00165807351004332,0
"UTUA18","1100",0.0440348833799362,0.134218499064445,0.729343891143799,0.0895603075623512,0.00284241163171828,0
"UTUA2","1100",0.0279886461794376,0.0999737530946732,0.797248184680939,0.0479004085063934,0.00331614702008665,0.0235728770494461
"UTUA20*","1100",0.040700625628233,0.0519828163087368,0.788313269615173,0.113806530833244,0.00519678881391883,0
"UTUA30*","1100",0.0431968979537487,0.0580136366188526,0.842646956443787,0.0497470647096634,0.00639542611315846,0
"UTUA5","1100",0.105497770011425,0.0527332946658134,0.786165177822113,0.0483907945454121,0.0072129312902689,0
"YAUC3","1100",0.144333600997925,0.058324571698904,0.763563334941864,0.0303769335150719,0.0034015525598079,0
"YAUC4*","1100",0.163215279579163,0.0825865045189857,0.739309191703796,0.0139427427202463,0.0009463099995628,0
"YAUC5*","1100",0.0525053851306438,0.0558613501489162,0.877085328102112,0.0143111059442163,0.000236867635976523,0
"ADJU7","1200",0.222510024905205,0.0667430087924004,0.459464192390442,0.070542961359024,0.00852898135781288,0.172210797667503
"ADJU8","1200",0.141850456595421,0.0379266329109669,0.776307463645935,0.0403328239917755,0.00358262285590172,0
"ADJUCP","1200",0.0047768303193152,0.178184419870377,0.754934072494507,0.0583348013460636,0.00376983196474612,0
"JAYU2","1200",0.0946590527892113,0.103719882667065,0.699457168579102,0.095993772149086,0.0061700725927949,0
"JAYU3","1200",0.0969298556447029,0.125457212328911,0.681256115436554,0.0891915485262871,0.00716524571180344,0
"JUAN1","1200",0.0546623803675175,0.0322025753557682,0.881805539131165,0.0281449165195227,0.00318455370143056,0
"JUAN7*","1200",0.00809337943792343,0.0464169345796108,0.924459874629974,0.019437562674284,0.00159227685071528,0
"LASM1*","1200",0.0427627116441727,0.060970813035965,0.868211388587952,0.0228801667690277,0.00517489993944764,0
"LASM2","1200",0.0206995997577906,0.0609426125884056,0.866209506988525,0.051267433911562,0.000880856881849468,0
"LASM3","1200",0.0237004179507494,0.059397280216217,0.886252284049988,0.0302519202232361,0.00039806921267882,0
"MARI2*","1200",0.169136837124825,0.0498043559491634,0.748435378074646,0.0302350167185068,0.0023884151596576,0
"MARI3*","1200",0.202176690101624,0.0567507483065128,0.699588775634766,0.0390953458845615,0.0023884151596576,0
"MARI8*","1200",0.41667428612709,0.0903668701648712,0.418175876140594,0.0688118860125542,0.00597103824838996,0
"OROC1","1200",0.0498596616089344,0.0569387190043926,0.791781306266785,0.0950507968664169,0.00636950042098761,0
"PONC1*","1200",0.00945641566067934,0.0614164732396603,0.898920834064484,0.0294101387262344,0.00079613842535764,0
"UTUA10","1200",0.0596300475299358,0.0555888973176479,0.834725260734558,0.0442837476730347,0.00577200343832374,0
"UTUA13","1200",0.142729550600052,0.0517687313258648,0.765183806419373,0.0373323559761047,0.00298551912419498,0
"UTUA16*","1200",0.014988630078733,0.0808113068342209,0.85469114780426,0.0460360683500767,0.00347282714210451,0
"UTUA17*","1200",0.0319053083658218,0.065759465098381,0.849341988563538,0.0512148067355156,0.00177836359944195,0
"UTUA18","1200",0.0396644026041031,0.138748988509178,0.728720664978027,0.0904436409473419,0.00242229830473661,0
"UTUA2","1200",0.0252583809196949,0.0998773649334908,0.798826575279236,0.0488600507378578,0.0027864845469594,0.0243910904973745
"UTUA20*","1200",0.0487300902605057,0.060299638658762,0.76659631729126,0.118158258497715,0.00621569436043501,0
"UTUA30*","1200",0.0544919073581696,0.0576229281723499,0.83253812789917,0.0493212267756462,0.00602581305429339,0
"UTUA5","1200",0.104698397219181,0.0470027811825275,0.795253574848175,0.0456816777586937,0.00736350892111659,0
"YAUC3","1200",0.131234064698219,0.0585505850613117,0.772985875606537,0.0332487709820271,0.00398069201037288,0
"YAUC4*","1200",0.149376749992371,0.0860775262117386,0.74576061964035,0.0175584834069014,0.00122662715148181,0
"YAUC5*","1200",0.0572884269058704,0.0530958585441113,0.876617789268494,0.0127988364547491,0.00019903460633941,0
"ADJU7","1300",0.210180133581161,0.0637506172060966,0.480807989835739,0.0797420591115952,0.00947742257267237,0.156041786074638
"ADJU8","1300",0.133955001831055,0.0389977358281612,0.785570740699768,0.0380846932530403,0.00339183257892728,0
"ADJUCP","1300",0.00407019909471273,0.182890951633453,0.750491082668304,0.0591560192406178,0.00339183257892728,0
"JAYU2","1300",0.0811765193939209,0.0975610986351967,0.725928246974945,0.0896724909543991,0.00566166918724775,0
"JAYU3","1300",0.0825911238789558,0.123769074678421,0.700396597385406,0.0869288668036461,0.00631438568234444,0
"JUAN1","1300",0.0506710633635521,0.0308952815830708,0.883998095989227,0.0311993211507797,0.00323628913611174,0
"JUAN7*","1300",0.00830802042037249,0.0438369885087013,0.926783382892609,0.0197149235755205,0.00135673303157091,0
"LASM1*","1300",0.039768148213625,0.066084012389183,0.867271542549133,0.0224669855087996,0.00440938211977482,0
"LASM2","1300",0.018382677808404,0.0596366040408611,0.872070670127869,0.0490620769560337,0.00084795814473182,0
"LASM3","1300",0.0228420216590166,0.0579500235617161,0.891029596328735,0.0278392359614372,0.000339183257892728,0
"MARI2*","1300",0.167533859610558,0.0490783229470253,0.75375360250473,0.0272599030286074,0.0023742828052491,0
"MARI3*","1300",0.20110347867012,0.0501959398388863,0.708821952342987,0.0376739799976349,0.00220469105988741,0
"MARI8*","1300",0.394673615694046,0.0883742347359657,0.443566203117371,0.0676198825240135,0.00576611515134573,0
"OROC1","1300",0.0473679937422276,0.0602085031569004,0.772614121437073,0.112879365682602,0.00693001644685864,0
"PONC1*","1300",0.0115423761308193,0.0556378476321697,0.902306854724884,0.0298345498740673,0.000678366515785456,0
"UTUA10","1300",0.0626964494585991,0.0572859831154346,0.833662331104279,0.0408545173704624,0.00550071569159627,0
"UTUA13","1300",0.138768047094345,0.0530412830412388,0.76763129234314,0.0376272164285183,0.00293219834566116,0
"UTUA16*","1300",0.0156895332038403,0.087590791285038,0.843189120292664,0.0499832592904568,0.00354735925793648,0
"UTUA17*","1300",0.0289234891533852,0.0655362606048584,0.851616382598877,0.0518888384103775,0.00203509954735637,0
"UTUA18","1300",0.0364910177886486,0.1393723487854,0.729418277740479,0.0921309590339661,0.00258735683746636,0
"UTUA2","1300",0.02194669470191,0.0992242470383644,0.805927634239197,0.0485650971531868,0.0023742828052491,0.0219620559364557
"UTUA20*","1300",0.0578693374991417,0.0618020482361317,0.759264945983887,0.115199953317642,0.00586378667503595,0
"UTUA30*","1300",0.0570640005171299,0.0569273866713047,0.830576121807098,0.0498363114893436,0.00559614691883326,0
"UTUA5","1300",0.101387478411198,0.0437833219766617,0.803547918796539,0.0445569381117821,0.00672441674396396,0
"YAUC3","1300",0.120748989284039,0.0633038952946663,0.776732206344604,0.0356535501778126,0.00356142409145832,0
"YAUC4*","1300",0.146681800484657,0.0823675990104675,0.752375185489655,0.0167099330574274,0.00186550791841,0
"YAUC5*","1300",0.0538020879030228,0.0515779890120029,0.882552266120911,0.011898105032742,0.000169591628946364,0
"ADJU7","1400",0.196496620774269,0.060855109244585,0.507924258708954,0.0840602144598961,0.00936515908688307,0.141298592090607
"ADJU8","1400",0.138901025056839,0.0423464700579643,0.77847284078598,0.0373550690710545,0.00292459013871849,0
"ADJUCP","1400",0.00399760250002146,0.18291312456131,0.75256621837616,0.0569099299609661,0.00361308525316417,0
"JAYU2","1400",0.0703591331839561,0.0896064415574074,0.749233365058899,0.085143968462944,0.00565705075860023,0
"JAYU3","1400",0.0713137164711952,0.118159919977188,0.708316624164581,0.0957175120711327,0.00649225478991866,0
"JUAN1","1400",0.0444143004715443,0.0301522426307201,0.886102139949799,0.0357624627649784,0.00356884649954736,0
"JUAN7*","1400",0.00809827074408531,0.0425849035382271,0.926580548286438,0.0214441232383251,0.00129211077000946,0
"LASM1*","1400",0.0389754921197891,0.0688989534974098,0.864317774772644,0.0230831131339073,0.00472463387995958,0
"LASM2","1400",0.0207338202744722,0.0573937855660915,0.874388575553894,0.0464065633714199,0.00107729807496071,0
"LASM3","1400",0.0259832050651312,0.0622512735426426,0.883231401443481,0.028241703286767,0.000292459008051082,0
"MARI2*","1400",0.159412696957588,0.0523469932377338,0.75953084230423,0.0265160016715527,0.0021934425458312,0
"MARI3*","1400",0.189138054847717,0.0461736284196377,0.726593255996704,0.0359016619622707,0.0021934425458312,0
"MARI8*","1400",0.374973565340042,0.0851569175720215,0.46812978386879,0.0666216760873795,0.00511803291738033,0
"OROC1","1400",0.0469003170728683,0.0593779869377613,0.75834721326828,0.128825932741165,0.00654855044558644,0
"PONC1*","1400",0.012625121511519,0.051709733903408,0.905201733112335,0.0297112111002207,0.000752195424865931,0
"UTUA10","1400",0.0625565201044083,0.0611174143850803,0.831256151199341,0.0395515151321888,0.00551842851564288,0
"UTUA13","1400",0.132510811090469,0.0585380867123604,0.767634332180023,0.0377901270985603,0.00352667737752199,0
"UTUA16*","1400",0.0140944197773933,0.0922001153230667,0.8358553647995,0.054486807435751,0.00336327869445086,0
"UTUA17*","1400",0.0328678525984287,0.0668309256434441,0.846479415893555,0.0518115758895874,0.00201022159308195,0
"UTUA18","1400",0.0400590896606445,0.134538725018501,0.729058682918549,0.0934506878256798,0.00289278686977923,0
"UTUA2","1400",0.0234496630728245,0.102480068802834,0.801157414913177,0.0507911071181297,0.00227921479381621,0.0198425035923719
"UTUA20*","1400",0.0691531226038933,0.0667690634727478,0.742713749408722,0.114701271057129,0.0066627818159759,0
"UTUA30*","1400",0.0606998316943645,0.0599620305001736,0.821821630001068,0.0512059926986694,0.00631053140386939,0
"UTUA5","1400",0.0963981449604034,0.0465809442102909,0.806259453296661,0.0443246364593506,0.00643679359927773,0
"YAUC3","1400",0.113670364022255,0.0656018182635307,0.784609019756317,0.0330479554831982,0.00307081965729594,0
"YAUC4*","1400",0.138909056782722,0.0788756459951401,0.763158798217773,0.0174479838460684,0.0016085245879367,0
"YAUC5*","1400",0.0516299046576023,0.0531682334840298,0.88365638256073,0.0111718140542507,0.000373685674276203,0
"ADJU7","1500",0.179139077663422,0.0605666972696781,0.537356019020081,0.0850006937980652,0.00891675055027008,0.129020810127258
"ADJU8","1500",0.144054263830185,0.045101884752512,0.770591139793396,0.0371125601232052,0.0031400986481458,0
"ADJUCP","1500",0.00535624241456389,0.178808718919754,0.758897304534912,0.0533709824085236,0.00356670026667416,0
"JAYU2","1500",0.0620281361043453,0.0838516354560852,0.768410086631775,0.0799151062965393,0.00579496892169118,0
"JAYU3","1500",0.0637546926736832,0.111781612038612,0.721307039260864,0.0955068171024323,0.00764981703832746,0
"JUAN1","1500",0.0392337031662464,0.0310546420514584,0.891073882579803,0.0353257842361927,0.00331193581223488,0
"JUAN7*","1500",0.0116340089589357,0.0439737178385258,0.919938683509827,0.0233070943504572,0.00114643934648484,0
"LASM1*","1500",0.0371153242886066,0.0718293339014053,0.85948234796524,0.0263744294643402,0.00519848940894008,0
"LASM2","1500",0.0213649533689022,0.0559148751199245,0.874505639076233,0.0469406731426716,0.00127382145728916,0
"LASM3","1500",0.0313959792256355,0.0661166906356812,0.871689021587372,0.0305253136903048,0.00027294343453832,0
"MARI2*","1500",0.154288247227669,0.053105928003788,0.765080392360687,0.0256146695464849,0.0019107322441414,0
"MARI3*","1500",0.182224929332733,0.0448048636317253,0.736541032791138,0.034136276692152,0.00229287869296968,0
"MARI8*","1500",0.352568775415421,0.0839840769767761,0.487842828035355,0.0700690597295761,0.00553525658324361,0
"OROC1","1500",0.0488124638795853,0.060299962759018,0.747841000556946,0.136245429515839,0.00680111208930612,0
"PONC1*","1500",0.013074248097837,0.0490578413009644,0.905008792877197,0.0315436571836472,0.00131545180920511,0
"UTUA10","1500",0.061922375112772,0.0619815364480019,0.827184200286865,0.0431900918483734,0.00572173809632659,0
"UTUA13","1500",0.125929117202759,0.0573271736502647,0.77671205997467,0.0360828191041946,0.00394884683191776,0
"UTUA16*","1500",0.0129932053387165,0.090923897922039,0.839261651039124,0.0504690930247307,0.00292978947982192,0.00342232664115727
"UTUA17*","1500",0.0345177389681339,0.0684740394353867,0.841295003890991,0.0536750815808773,0.00203811447136104,0
"UTUA18","1500",0.0451712012290955,0.13853232562542,0.720724284648895,0.0925184711813927,0.00305369379930198,0
"UTUA2","1500",0.0294285211712122,0.101351819932461,0.797942996025085,0.051281314343214,0.00216549658216536,0.0178298465907574
"UTUA20*","1500",0.0771563351154327,0.068475216627121,0.735486507415771,0.11176422983408,0.00711772684007883,0
"UTUA30*","1500",0.0643715634942055,0.0666951984167099,0.813367128372192,0.0491720400750637,0.00639404216781259,0
"UTUA5","1500",0.0896643847227097,0.0480820871889591,0.807803094387054,0.047828633338213,0.00662180129438639,0
"YAUC3","1500",0.104031272232533,0.0674256384372711,0.795869588851929,0.0299984384328127,0.00267502502538264,0
"YAUC4*","1500",0.124342754483223,0.078504741191864,0.774785399436951,0.0209629479795694,0.00140413059853017,0
"YAUC5*","1500",0.0550088733434677,0.05631398037076,0.875601351261139,0.0125661958009005,0.00050952861784026,0
