<?xml version='1.0' encoding='UTF-8'?>
<metadata>
  <idinfo>
    <citation>
      <citeinfo>
        <origin>LANDFIRE, Earth Resources Observation and Science Center (EROS), U.S. Geological Survey</origin>
        <pubdate>20210225</pubdate>
        <title>LANDFIRE Remap 2016 National Vegetation Classification (NVC) Puerto Rico US Virgin Islands</title>
        <edition>LF Remap</edition>
        <geoform>raster digital data</geoform>
        <pubinfo>
          <pubplace>Sioux Falls, SD</pubplace>
          <publish>Earth Resources Observation and Science Center (EROS), U.S. Geological Survey</publish>
        </pubinfo>
        <onlink>https://www.landfire.gov</onlink>
      </citeinfo>
    </citation>
    <descript>
      <abstract>LANDFIRE's (LF) National Vegetation Classification (NVC) represents the current distribution of vegetation groups within the U.S. National Vegetation Classification System ([version 2.0] http://usnvc.org/). Groups within the NVC IAerarchy are defined as combinations of relatively narrow sets of diagnostic plant species, including dominants and co-dominants, broadly similar composition, and diagnostic growth forms. NVC groups are mapped using decision tree models informed by field reference data, Landsat imagery, elevation data, and biophysical gradient inputs. NVC models are developed separately for each lifeform, including sparse vegetation,  and for each Environmental Protection Agency (EPA) Level III Ecoregion (https://www.epa.gov/eco-research/ecoregions). Riparian, alpine, sparse and other site-specific EVTs are constrained by predetermined masks. Urban and developed areas are derived from the National Land Cover Database (NLCD), whereas agricultural lands originate from the Cropland Data Layer (CDL) and Common Land Unit (CLU) database. Developed ruderal classes are identified by combining wildland-urban-interface (WUI) data with population density information from the US Census Bureau. Annual Disturbance products are included to describe areas that have experienced landscape change within the previous 10-year period. NVC is reconciled through QA/QC measures to ensure lifeform is synchronized with both Existing Vegetation Cover (EVC) and Height (EVH) products.</abstract>
      <purpose>LF Remap is a comprehensive mapping effort that uses recent data to create a new base map product suite that better represents contemporary conditions. LF Remap represents circa 2016 ground conditions and is designed to produce vegetation, disturbance, and fuels products that inform wildland fire and ecological decision systems. LF Remap has improved past methodologies and processes to incorporate current satellite imagery, contemporary data sources, and the latest software and hardware technologies. Final LF Remap products offer significant improvements to all previous LF versions (read more about versions here https://www.landfire.gov/lf_schedule.php).

LF Remap products are designed to facilitate national and regional level strategic fire and resource management planning and reporting of management activities. The principal purposes of the products include providing, 1) national level, landscape scale geospatial products to support fire and fuels management planning, and 2) consistent fuels products to support fire planning, analysis, and budgeting to evaluate fire management alternatives. 

Products are created at a 30 meter raster; however, the applicability of products varies by location and specific use. LF products were designed to support 1) national (all states) strategic planning, 2) regional (single large states or groups of smaller states), and 3) strategic/tactical planning for large sub regional landscapes and Fire Management Units (FMUs) (such as significant portions of states or multiple federal administrative entities). The applicability of LF products to support fire and land management planning on smaller areas will vary by product, location, and specific use. Managers and planners must evaluate LF products according to the scale and requirements specific to their needs.
</purpose>
      <supplinf>U.S. National Vegetation Classification System 2.0 was used for the creation of the product.

LF 2016 Remap Insular Areas (IA) were produced from the GMTED2010 data available on Earth Explorer (earthexplorer.usgs.gov). With the help of online shoreline data from (https://products.coastalscience.noaa.gov/collections/benthic/e99us_pac/) and online FAS_GIS_Mosaics (https://www.nodc.noaa.gov/cgi-bin/OAS/prd/accession/download/67475). During the production of the LF Remap IA products, shoreline data was buffered 3 Nautical Miles (American Samoa, Guam-Commonwealth of Northern Mariana Islands, Palau, and Puerto Rico-U.S. Virgin Islands) and those extents were used.
</supplinf>
    </descript>
    <timeperd>
      <timeinfo>
        <sngdate>
          <caldate>2016</caldate>
        </sngdate>
      </timeinfo>
      <current>ground condition</current>
    </timeperd>
    <status>
      <progress>Complete</progress>
      <update>Biennially</update>
    </status>
    <spdom>
      <bounding>
        <westbc>-68.1956</westbc>
        <eastbc>-64.2952</eastbc>
        <northbc>19.5564</northbc>
        <southbc>16.6276</southbc>
      </bounding>
    </spdom>
    <keywords>
      <theme>
        <themekt>ISO 19115 Topic Category</themekt>
        <themekey>imageryBaseMapsEarthCover</themekey>
        <themekey>biota</themekey>
      </theme>
      <theme>
        <themekt>USGS Thesaurus</themekt>
        <themekey>fires</themekey>
        <themekey>hazard preparedness</themekey>
        <themekey>remote sensing</themekey>
        <themekey>image collections</themekey>
        <themekey>geospatial datasets</themekey>
        <themekey>geographic information systems</themekey>
      </theme>
      <theme>
        <themekt>None</themekt>
        <themekey>raster digital data </themekey>
        <themekey>U.S. Geological Survey (USGS)</themekey>
        <themekey>U.S. Forest Service (USFS)</themekey>
        <themekey>LANDFIRE Remap</themekey>
        <themekey>NVC</themekey>
        <themekey>U.S. National Vegetation Classification (NVC)</themekey>
        <themekey>LANDFIRE 2016</themekey>
      </theme>
      <place>
        <placekt>Common geographic areas</placekt>
        <placekey>US</placekey>
        <placekey>IA</placekey>
        <placekey>United States</placekey>
        <placekey>Insular Areas</placekey>
        <placekey>OCONUS</placekey>
        <placekey>Puerto Rico</placekey>
        <placekey>US Virgin Islands</placekey>
      </place>
    </keywords>
    <accconst>None</accconst>
    <useconst>None </useconst>
    <ptcontac>
      <cntinfo>
        <cntorgp>
          <cntorg>LANDFIRE, Earth Resources Observation and Science Center (EROS), U.S. Geological Survey</cntorg>
        </cntorgp>
        <cntpos>Customer Service Representative</cntpos>
        <cntaddr>
          <addrtype>physical</addrtype>
          <address>47914 252nd Street</address>
          <city>Sioux Falls</city>
          <state>SD</state>
          <postal>57198</postal>
          <country>U.S.</country>
        </cntaddr>
        <cntvoice>605-594-6151</cntvoice>
        <cntemail>helpdesk@landfire.gov</cntemail>
      </cntinfo>
    </ptcontac>
    <datacred>These products were created by the LF team at USGS EROS, Sioux Falls, SD. Refer to the contact information throughout the metadata to contact the LF team.</datacred>
    <secinfo>
<secsys>None in place</secsys>
<secclass>Unclassified</secclass>
<sechandl>If there is ever doubt, contact the LF Help Desk at helpdesk@landfire.gov</sechandl>
</secinfo>
    <native>Microsoft Windows 10; ESRI ArcCatalog 10.6.1</native>
  </idinfo>
  <dataqual>
    <attracc>
      <attraccr>For LF Remap, EVT the Auto-Keys process was re-designed. Auto-Keys are used to determine existing vegetation type classification based on plot data in the LF Reference Database (LFRDB). A validation of the EVT product is conducted by comparing the EVT product for a pixel with the Auto-Key EVT assignment for a sample plot contained in that pixel. These agreement assessments have been developed for each LF IA GeoAre. to read more about EVT agreement assessments go to https://www.landfire.gov/evt.php</attraccr>
    </attracc>
    <logic>The products were pixel "truth" tested for consistency of land or water characteristics across all products. </logic>
    <complete>Products were formally tested to ensure that valid data was produced for all pixels. Each product was then validated and tested for duplicates, omissions, and errors.</complete>
    <lineage>
      <procstep>
        <procdesc>Beginning in 2016 LF Remap products were created using recent advances in image compositing, tiling algorithms, and faster computing hardware to ensure that LF products remained relevant. LF Remap leveraged the Landsat archive, lidar data, and user contributed field plot data compiled into the LF Reference Database (LFRDB), to create new base map vegetation products. Reference resources included, but were not limited to, Forest Inventory and Analysis (FIA) program plot data (USFS https://fia.fs.fed.us/), Landsat Dynamic Surface Water Extent [(DSWE) USGS https://www.usgs.gov/land-resources/nli/landsat/], the National Land Cover Dataset [(NLCD) USGS https://www.mrlc.gov/data], and National Agricultural Statistics Service [(NASS) USDA - https://www.nass.usda.gov/]. To read more about LF reference resources go to https://www.landfire.gov/reference.php. Information about LF Remap product testing is available by request or via the website at https://www.landfire.gov.</procdesc>
        <procdate>20210225</procdate>
      </procstep>
    </lineage>
  </dataqual>
  <spdoinfo>
    <direct>Raster</direct>
    <rastinfo>
      <rasttype>Grid Cell</rasttype>
      <rowcount>6768</rowcount>
      <colcount>12846</colcount>
      <vrtcount>1</vrtcount>
    </rastinfo>
  </spdoinfo>
  <spref>
    <horizsys>
      <planar>
        <mapproj>
          <mapprojn>Albers Conical Equal Area</mapprojn>
          <albers>
            <stdparll>29.5</stdparll>
            <stdparll>45.5</stdparll>
            <longcm>-96.0</longcm>
            <latprjo>23.0</latprjo>
            <feast>0.0</feast>
            <fnorth>0.0</fnorth>
          </albers>
        </mapproj>
        <planci>
          <plance>row and column</plance>
          <coordrep>
            <absres>30.0</absres>
            <ordres>30.0</ordres>
          </coordrep>
          <plandu>meters</plandu>
        </planci>
      </planar>
      <geodetic>
        <horizdn>North_American_Datum_1983</horizdn>
        <ellips>GRS 1980</ellips>
        <semiaxis>6378137.0</semiaxis>
        <denflat>298.2572221010042</denflat>
      </geodetic>
    </horizsys>
  </spref>
  <eainfo>
    <detailed>
      <enttyp>
        <enttypl>NVC</enttypl>
        <enttypd>LF Remap NVC attributes spreadsheet.</enttypd>
        <enttypds>LF Remap</enttypds>
      </enttyp>
      <attr>
        <attrlabl>VALUE</attrlabl>
        <attrdef>Assigned code identifying vegetation and land cover types.</attrdef>
        <attrdefs>LF Remap</attrdefs>
        <attrdomv>
          <edom>
            <edomv>-9999</edomv>
            <edomvd>No Data</edomvd>
            <edomvds>LF Remap</edomvds>
          </edom>
        </attrdomv>
        <attrdomv>
          <rdom>
            <rdommin>6001</rdommin>
            <rdommax>9852</rdommax>
          </rdom>
        </attrdomv>
      </attr>
      <attr>
        <attrlabl>NVC_Name</attrlabl>
        <attrdef>Class name in the legend.</attrdef>
        <attrdefs>LF Remap</attrdefs>
        <attrdomv>
          <edom>
  <edomv>NoData</edomv>
  <edomvd>No Data</edomvd>
  <edomvds>LF Remap</edomvds>
</edom>
        </attrdomv>
        <attrdomv><udom>See the ADD.</udom>
        </attrdomv>
      </attr>
      <attr>
        <attrlabl>LFRDB</attrlabl>
        <attrdef>Code stored in LF Reference Database (LFRDB).</attrdef>
        <attrdefs>LF Remap</attrdefs>
        <attrdomv>
          <edom>
  <edomv>-9999</edomv>
  <edomvd>No Data</edomvd>
  <edomvds>LF Remap</edomvds>
</edom>
        </attrdomv>
        <attrdomv><rdom>
            <rdommin>6001</rdommin>
            <rdommax>9353</rdommax>
          </rdom>
        </attrdomv>
      </attr>
      <attr>
  <attrlabl>LFLifeform_Primary</attrlabl><attrdef>Primary life form.</attrdef><attrdefs>LF Remap</attrdefs><attrdomv><edom>
  <edomv>Nodata</edomv>
  <edomvd>No Data</edomvd>
  <edomvds>LF Remap</edomvds>
</edom></attrdomv><attrdomv>
    <edom>
      <edomv>Tree</edomv>
      <edomvd>Tree</edomvd>
      <edomvds>LF Remap</edomvds>
    </edom>
  </attrdomv>
  <attrdomv>
    <edom>
      <edomv>Shrub</edomv>
      <edomvd>Shrub</edomvd>
      <edomvds>LF Remap</edomvds>
    </edom>
  </attrdomv>
  <attrdomv>
    <edom>
      <edomv>Herb</edomv>
      <edomvd>Herb</edomvd>
      <edomvds>LF Remap</edomvds>
    </edom>
  </attrdomv>
  <attrdomv>
    <edom>
      <edomv>Sparse</edomv>
      <edomvd>Sparse</edomvd>
      <edomvds>LF Remap</edomvds>
    </edom>
  </attrdomv>
  <attrdomv>
    <edom>
      <edomv>Water</edomv>
      <edomvd>Water</edomvd>
      <edomvds>LF Remap</edomvds>
    </edom>
  </attrdomv>
  <attrdomv>
    <edom>
      <edomv>Barren</edomv>
      <edomvd>Barren</edomvd>
      <edomvds>LF Remap</edomvds>
    </edom>
  </attrdomv>
  <attrdomv>
    <edom>
      <edomv>Developed</edomv>
      <edomvd>Developed</edomvd>
      <edomvds>LF Remap</edomvds>
    </edom>
  </attrdomv>
  <attrdomv>
    <edom>
      <edomv>Developed-Open Space</edomv>
      <edomvd>Developed open space</edomvd>
      <edomvds>LF Remap</edomvds>
    </edom>
  </attrdomv>
  <attrdomv>
    <edom>
      <edomv>Snow-Ice</edomv>
      <edomvd>Snow/Ice</edomvd>
      <edomvds>LF Remap</edomvds>
    </edom>
  </attrdomv>
  <attrdomv>
    <edom>
      <edomv>Agriculture</edomv>
      <edomvd>Agriculture</edomvd>
      <edomvds>LF Remap</edomvds>
    </edom>
  </attrdomv>
</attr>
      <attr>
        <attrlabl>NVC_Class</attrlabl>
        <attrdef>Class code in the U.S. National Vegetation Classification (NVC) Hierarchy.</attrdef>
        <attrdefs>LF Remap</attrdefs>
        <attrdomv>
          <edom>
  <edomv>NoData</edomv>
  <edomvd>No Data</edomvd>
  <edomvds>LF Remap</edomvds>
</edom>
        </attrdomv>
        <attrdomv><rdom>
            <rdommin>1</rdommin>
            <rdommax>11</rdommax>
          </rdom>
        </attrdomv>
      </attr>
      <attr>
        <attrlabl>NVC_Subclass</attrlabl>
        <attrdef>Subclass code in the U.S. National Vegetation Classification (NVC) Hierarchy.</attrdef>
        <attrdefs>LF Remap</attrdefs>
        <attrdomv>
          <edom>
  <edomv>NoData</edomv>
  <edomvd>No Data</edomvd>
  <edomvds>LF Remap</edomvds>
</edom>
        </attrdomv>
        <attrdomv><udom>Values range from 1.B to 11.A</udom>
        </attrdomv>
      </attr>
      <attr>
        <attrlabl>NVC_Formation</attrlabl>
        <attrdef>Formation code in the U.S. National Vegetation Classification (NVC) Hierarchy.</attrdef>
        <attrdefs>LF Remap</attrdefs>
        <attrdomv>
          <edom>
  <edomv>NoData</edomv>
  <edomvd>No Data</edomvd>
  <edomvds>LF Remap</edomvds>
</edom>
        </attrdomv>
        <attrdomv><udom>NVC Formation</udom>
        </attrdomv>
      </attr>
      <attr>
        <attrlabl>NVC_Division</attrlabl>
        <attrdef>Division code in the U.S. National Vegetation Classification (NVC) Hierarchy.</attrdef>
        <attrdefs>LF Remap</attrdefs>
        <attrdomv>
          <edom>
  <edomv>NoData</edomv>
  <edomvd>No Data</edomvd>
  <edomvds>LF Remap</edomvds>
</edom>
        </attrdomv>
        <attrdomv><udom>NVC Division</udom>
        </attrdomv>
      </attr>
      <attr>
  <attrlabl>Class</attrlabl><attrdef>Class name in the U.S. National Vegetation Classification (NVC) Hierarchy.</attrdef><attrdefs>LF Remap</attrdefs><attrdomv><edom>
  <edomv>NoData</edomv>
  <edomvd>No Data</edomvd>
  <edomvds>LF Remap</edomvds>
</edom></attrdomv><attrdomv>
    <edom>
      <edomv>1 Forest and Woodland</edomv>
      <edomvd>Forest and woodland</edomvd>
      <edomvds>LF Remap</edomvds>
    </edom>
  </attrdomv>
  <attrdomv>
    <edom>
      <edomv>2 Shrub and Herb Vegetation</edomv>
      <edomvd>Shrub and herb</edomvd>
      <edomvds>LF Remap</edomvds>
    </edom>
  </attrdomv>
  <attrdomv>
    <edom>
      <edomv>3 Desert and Semi-Desert</edomv>
      <edomvd>Desert</edomvd>
      <edomvds>LF Remap</edomvds>
    </edom>
  </attrdomv>
  <attrdomv>
    <edom>
      <edomv>4 Polar and High Montane Scrub Grassland and Barrens</edomv>
      <edomvd>Polar and High Montane Scrub Grassland and Barrens</edomvd>
      <edomvds>LF Remap</edomvds>
    </edom>
  </attrdomv>
  <attrdomv>
    <edom>
      <edomv>5 Aquatic Vegetation</edomv>
      <edomvd>Aquatic vegetation</edomvd>
      <edomvds>LF Remap</edomvds>
    </edom>
  </attrdomv>
  <attrdomv>
    <edom>
      <edomv>6 Open Rock Vegetation</edomv>
      <edomvd>Open rock</edomvd>
      <edomvds>LF Remap</edomvds>
    </edom>
  </attrdomv>
  <attrdomv>
    <edom>
      <edomv>Recently Disturbed or Modified</edomv>
      <edomvd>Recently disturbed</edomvd>
      <edomvds>LF Remap</edomvds>
    </edom>
  </attrdomv>
  <attrdomv>
    <edom>
      <edomv>Open Water</edomv>
      <edomvd>Water</edomvd>
      <edomvds>LF Remap</edomvds>
    </edom>
  </attrdomv>
  <attrdomv>
    <edom>
      <edomv>Quarries-Strip Mines-Gravel Pits-Energy Development</edomv>
      <edomvd>Quarries-Strip Mines-Gravel Pits</edomvd>
      <edomvds>LF Remap</edomvds>
    </edom>
  </attrdomv>
  <attrdomv>
    <edom>
      <edomv>Developed-Low Intensity</edomv>
      <edomvd>Low intensity developed</edomvd>
      <edomvds>LF Remap</edomvds>
    </edom>
  </attrdomv>
  <attrdomv>
    <edom>
      <edomv>Developed-Medium Intensity</edomv>
      <edomvd>Medium intensity developed</edomvd>
      <edomvds>LF Remap</edomvds>
    </edom>
  </attrdomv>
  <attrdomv>
    <edom>
      <edomv>Developed-High Intensity</edomv>
      <edomvd>High intensity developed</edomvd>
      <edomvds>LF Remap</edomvds>
    </edom>
  </attrdomv>
  <attrdomv>
    <edom>
      <edomv>Developed-Roads</edomv>
      <edomvd>Roads</edomvd>
      <edomvds>LF Remap</edomvds>
    </edom>
  </attrdomv>
  <attrdomv>
    <edom>
      <edomv>Developed-Open Space</edomv>
      <edomvd>Open space developed</edomvd>
      <edomvds>LF Remap</edomvds>
    </edom>
  </attrdomv>
  <attrdomv>
    <edom>
      <edomv>Nonvascular and Sparse Vascular Rock Vegetation</edomv>
      <edomvd>Nonvascular and Sparse Vascular</edomvd>
      <edomvds>LF Remap</edomvds>
    </edom>
  </attrdomv>
  <attrdomv>
    <edom>
      <edomv>7 Agricultural and Developed Vegetation</edomv>
      <edomvd>Agriculture</edomvd>
      <edomvds>LF Remap</edomvds>
    </edom>
  </attrdomv>
</attr>
      <attr>
        <attrlabl>Subclass</attrlabl>
        <attrdef>Subclass name in the U.S. National Vegetation Classification (NVC) Hierarchy.</attrdef>
        <attrdefs>LF Remap</attrdefs>
        <attrdomv>
          <edom>
  <edomv>NoData</edomv>
  <edomvd>No Data</edomvd>
  <edomvds>LF Remap</edomvds>
</edom>
        </attrdomv>
        <attrdomv><udom>NVC Subclass.</udom>
        </attrdomv>
      </attr>
      <attr>
        <attrlabl>Formation</attrlabl>
        <attrdef>Formation name in the U.S. National Vegetation Classification (NVC) Hierarchy.</attrdef>
        <attrdefs>LF Remap</attrdefs>
        <attrdomv>
          <edom>
  <edomv>NoData</edomv>
  <edomvd>No Data</edomvd>
  <edomvds>LF Remap</edomvds>
</edom>
        </attrdomv>
        <attrdomv><udom>NVC formation name.</udom>
        </attrdomv>
      </attr>
      <attr>
        <attrlabl>Division_Code</attrlabl>
        <attrdef>Division code in the U.S. National Vegetation Classification (NVC) database.</attrdef>
        <attrdefs>LF Remap</attrdefs>
        <attrdomv>
          <edom>
  <edomv>NoData</edomv>
  <edomvd>No Data</edomvd>
  <edomvds>LF Remap</edomvds>
</edom>
        </attrdomv>
        <attrdomv><udom>Division code in NVC.</udom>
        </attrdomv>
      </attr>
      <attr>
        <attrlabl>Division</attrlabl>
        <attrdef>Division name in the U.S. National Vegetation Classification (NVC) Hierarchy.</attrdef>
        <attrdefs>LF Remap</attrdefs>
        <attrdomv><udom>Division name in NVC.</udom>
        </attrdomv>
      </attr>
      <attr>
        <attrlabl>Macrogroup_Code</attrlabl>
        <attrdef>Macrogroup code in the U.S. National Vegetation Classification (NVC) Hierarchy.</attrdef>
        <attrdefs>LF Remap</attrdefs>
        <attrdomv><udom>Macrogroup code in NVC.</udom>
        </attrdomv>
      </attr>
      <attr>
        <attrlabl>Macrogroup</attrlabl>
        <attrdef>Macrogroup name in the U.S. National Vegetation Classification (NVC) Hierarchy.</attrdef>
        <attrdefs>LF Remap</attrdefs>
        <attrdomv><udom>Macrogroup name in NVC.</udom>
        </attrdomv>
      </attr>
      <attr>
        <attrlabl>Group_Code</attrlabl>
        <attrdef>Group code in the U.S. National Vegetation Classification (NVC) database.</attrdef>
        <attrdefs>LF Remap</attrdefs>
        <attrdomv><udom>Group code in NVC.</udom>
        </attrdomv>
      </attr>
      <attr>
        <attrlabl>Group</attrlabl>
        <attrdef>Group name in the U.S. National Vegetation Classification (NVC) Hierarchy.</attrdef>
        <attrdefs>LF Remap</attrdefs>
        <attrdomv><udom>NVC group name.</udom>
        </attrdomv>
      </attr>
      <attr>
        <attrlabl>r</attrlabl>
        <attrdef>Red color value/255</attrdef>
        <attrdefs>LF Remap</attrdefs>
        <attrdomv><rdom>
            <rdommin>0</rdommin>
            <rdommax>255</rdommax>
          </rdom>
        </attrdomv>
      </attr>
      <attr>
        <attrlabl>g</attrlabl>
        <attrdef>Green color value/255</attrdef>
        <attrdefs>LF Remap</attrdefs>
        <attrdomv><rdom>
            <rdommin>0</rdommin>
            <rdommax>255</rdommax>
          </rdom>
        </attrdomv>
      </attr>
      <attr>
        <attrlabl>b</attrlabl>
        <attrdef>Blue color value/255</attrdef>
        <attrdefs>LF Remap</attrdefs>
        <attrdomv><rdom>
            <rdommin>0</rdommin>
            <rdommax>255</rdommax>
          </rdom>
        </attrdomv>
      </attr>
      <attr>
        <attrlabl>Red</attrlabl>
        <attrdef>Red color value.</attrdef>
        <attrdefs>LF Remap</attrdefs>
        <attrdomv><rdom>
            <rdommin>0.0</rdommin>
            <rdommax>1.0</rdommax>
          </rdom>
        </attrdomv>
      </attr>
      <attr>
        <attrlabl>Green</attrlabl>
        <attrdef>Green color value.</attrdef>
        <attrdefs>LF Remap</attrdefs>
        <attrdomv><rdom>
            <rdommin>0.0</rdommin>
            <rdommax>1.0</rdommax>
          </rdom>
        </attrdomv>
      </attr>
      <attr>
        <attrlabl>Blue</attrlabl>
        <attrdef>Blue color value.</attrdef>
        <attrdefs>LF Remap</attrdefs>
        <attrdomv><rdom>
            <rdommin>0.0</rdommin>
            <rdommax>1.0</rdommax>
          </rdom>
        </attrdomv>
      </attr>
    </detailed>
    <overview>
      <eaover>LANDFIRE (LF) Remap National Vegetation Classification (NVC). An Attribute Table is included with each product download as a .dbf and embedded in the metadata. The Attribute Data Dictionary (ADD) can be found at https://www.landfire.gov/.</eaover>
      <eadetcit>https://www.landfire.gov/nvc.php</eadetcit>
    </overview>
  </eainfo>
  <distinfo>
    <distrib>
      <cntinfo>
        <cntorgp>
          <cntorg>LANDFIRE, Earth Resources Observation and Science Center (EROS), U.S. Geological Survey</cntorg>
        </cntorgp>
        <cntpos>Customer Service Representative</cntpos>
        <cntaddr>
          <addrtype>physical</addrtype>
          <address>47914 252nd Street</address>
          <city>Sioux Falls</city>
          <state>SD</state>
          <postal>57198</postal>
          <country>U.S.</country>
        </cntaddr>
        <cntvoice>605-594-6151</cntvoice>
        <cntemail>helpdesk@landfire.gov</cntemail>
      </cntinfo>
    </distrib>
    <distliab>the product is reproduced from geospatial information prepared by the U.S. Department of the Interior (DOI) USGS EROS. By removing the contents of the package or taking receipt of these files via electronic file transfer methods, you understand that the data stored on the media can be updated at any time. Represented features may not be in an accurate geographic location. USGS EROS makes no expressed or implied warranty, including warranty of merchantability and fitness, with respect to the character, function, or capabilities of the data or their appropriateness for any user's purposes. USGS EROS reserves the right to correct, update, modify, or replace the geospatial information without notification.</distliab>
    <stdorder>
      <digform><digtinfo>
<formname>ARCG</formname>
<formverd>20210225</formverd> 
<formspec>LF Remap</formspec>
</digtinfo>
<digtopt><onlinopt><computer><networka><networkr>https://www.landfire.gov</networkr></networka></computer></onlinopt></digtopt></digform>
      <fees>none</fees>
    </stdorder>
  </distinfo>
  <metainfo>
    <metd>20210225</metd>
    <metc>
      <cntinfo>
        <cntorgp>
          <cntorg>LANDFIRE, Earth Resources Observation and Science Center (EROS), U.S. Geological Survey</cntorg>
        </cntorgp>
        <cntpos>Customer Service Representative</cntpos>
        <cntaddr>
          <addrtype>physical</addrtype>
          <address>47914 252nd Street</address>
          <city>Sioux Falls</city>
          <state>SD</state>
          <postal>57198</postal>
          <country>U.S.</country>
        </cntaddr>
        <cntvoice>605-594-6151</cntvoice>
        <cntemail>helpdesk@landfire.gov</cntemail>
      </cntinfo>
    </metc>
    <metstdn>FGDC Content Standard for Digital Geospatial Metadata</metstdn>
    <metstdv>FGDC-STD-001-1998</metstdv>
    <mettc>local time</mettc>
    <metsi>
<metscs>None</metscs>
<metsc>Unclassified</metsc>
<metshd>None</metshd>
</metsi>
  </metainfo>
</metadata>
